snr_db,selected_mcs,ber,spectral_efficiency,target_met
-2,BPSK-1/2,0.26993333,0.49998333,false
0,BPSK-1/2,0.17278333,0.49998333,false
2,BPSK-1/2,0.08408333,0.49998333,false
4,BPSK-1/2,0.02866667,0.49998333,false
6,BPSK-1/2,0.00983333,0.49998333,true
8,BPSK-1/2,0.00346667,0.49998333,true
10,QPSK-1/2,0.00990000,0.99996667,true
12,QPSK-1/2,0.00308333,0.99996667,true
14,QPSK-1/2,0.00111667,0.99996667,true
16,QPSK-1/2,0.00073333,0.99996667,true
18,16QAM-1/2,0.00455000,1.99993334,true
20,16QAM-1/2,0.00283333,1.99993334,true
