snr_db,modulation,channel,coding,information_bits,bit_errors,ber,evm_rms,spectral_efficiency,mean_channel_power
0.00000000,BPSK,AWGN,none,50000,3919,0.07838000,1.00392193,1.00000000,1.00000000
2.00000000,BPSK,AWGN,none,50000,1860,0.03720000,0.79744354,1.00000000,1.00000000
4.00000000,BPSK,AWGN,none,50000,661,0.01322000,0.63343192,1.00000000,1.00000000
6.00000000,BPSK,AWGN,none,50000,129,0.00258000,0.50315286,1.00000000,1.00000000
8.00000000,BPSK,AWGN,none,50000,9,0.00018000,0.39966852,1.00000000,1.00000000
10.00000000,BPSK,AWGN,none,50000,0,0.00000000,0.31746799,1.00000000,1.00000000
12.00000000,BPSK,AWGN,none,50000,0,0.00000000,0.25217379,1.00000000,1.00000000
14.00000000,BPSK,AWGN,none,50000,0,0.00000000,0.20030876,1.00000000,1.00000000
16.00000000,BPSK,AWGN,none,50000,0,0.00000000,0.15911090,1.00000000,1.00000000
0.00000000,BPSK,AWGN,conv-1/2,50000,1492,0.02984000,1.00255927,0.49998000,1.00000000
2.00000000,BPSK,AWGN,conv-1/2,50000,141,0.00282000,0.79636113,0.49998000,1.00000000
4.00000000,BPSK,AWGN,conv-1/2,50000,2,0.00004000,0.63257213,0.49998000,1.00000000
6.00000000,BPSK,AWGN,conv-1/2,50000,0,0.00000000,0.50246991,0.49998000,1.00000000
8.00000000,BPSK,AWGN,conv-1/2,50000,0,0.00000000,0.39912603,0.49998000,1.00000000
10.00000000,BPSK,AWGN,conv-1/2,50000,0,0.00000000,0.31703708,0.49998000,1.00000000
12.00000000,BPSK,AWGN,conv-1/2,50000,0,0.00000000,0.25183150,0.49998000,1.00000000
14.00000000,BPSK,AWGN,conv-1/2,50000,0,0.00000000,0.20003687,0.49998000,1.00000000
16.00000000,BPSK,AWGN,conv-1/2,50000,0,0.00000000,0.15889494,0.49998000,1.00000000
0.00000000,QPSK,AWGN,none,50000,8069,0.16138000,1.00416507,2.00000000,1.00000000
2.00000000,QPSK,AWGN,none,50000,5309,0.10618000,0.79763667,2.00000000,1.00000000
4.00000000,QPSK,AWGN,none,50000,2871,0.05742000,0.63358533,2.00000000,1.00000000
6.00000000,QPSK,AWGN,none,50000,1146,0.02292000,0.50327471,2.00000000,1.00000000
8.00000000,QPSK,AWGN,none,50000,301,0.00602000,0.39976531,2.00000000,1.00000000
10.00000000,QPSK,AWGN,none,50000,29,0.00058000,0.31754488,2.00000000,1.00000000
12.00000000,QPSK,AWGN,none,50000,0,0.00000000,0.25223486,2.00000000,1.00000000
14.00000000,QPSK,AWGN,none,50000,0,0.00000000,0.20035727,2.00000000,1.00000000
16.00000000,QPSK,AWGN,none,50000,0,0.00000000,0.15914944,2.00000000,1.00000000
0.00000000,QPSK,AWGN,conv-1/2,50000,9955,0.19910000,1.00391079,0.99996000,1.00000000
2.00000000,QPSK,AWGN,conv-1/2,50000,3615,0.07230000,0.79743469,0.99996000,1.00000000
4.00000000,QPSK,AWGN,conv-1/2,50000,514,0.01028000,0.63342489,0.99996000,1.00000000
6.00000000,QPSK,AWGN,conv-1/2,50000,39,0.00078000,0.50314727,0.99996000,1.00000000
8.00000000,QPSK,AWGN,conv-1/2,50000,2,0.00004000,0.39966408,0.99996000,1.00000000
10.00000000,QPSK,AWGN,conv-1/2,50000,0,0.00000000,0.31746447,0.99996000,1.00000000
12.00000000,QPSK,AWGN,conv-1/2,50000,0,0.00000000,0.25217099,0.99996000,1.00000000
14.00000000,QPSK,AWGN,conv-1/2,50000,0,0.00000000,0.20030654,0.99996000,1.00000000
16.00000000,QPSK,AWGN,conv-1/2,50000,0,0.00000000,0.15910914,0.99996000,1.00000000
0.00000000,16QAM,AWGN,none,50000,14495,0.28990000,1.00648948,4.00000000,1.00000000
2.00000000,16QAM,AWGN,none,50000,11987,0.23974000,0.79948301,4.00000000,1.00000000
4.00000000,16QAM,AWGN,none,50000,9473,0.18946000,0.63505193,4.00000000,1.00000000
6.00000000,16QAM,AWGN,none,50000,7245,0.14490000,0.50443968,4.00000000,1.00000000
8.00000000,16QAM,AWGN,none,50000,4979,0.09958000,0.40069068,4.00000000,1.00000000
10.00000000,16QAM,AWGN,none,50000,3035,0.06070000,0.31827992,4.00000000,1.00000000
12.00000000,16QAM,AWGN,none,50000,1428,0.02856000,0.25281873,4.00000000,1.00000000
14.00000000,16QAM,AWGN,none,50000,481,0.00962000,0.20082105,4.00000000,1.00000000
16.00000000,16QAM,AWGN,none,50000,84,0.00168000,0.15951783,4.00000000,1.00000000
0.00000000,16QAM,AWGN,conv-1/2,50000,21543,0.43086000,1.00416515,1.99992000,1.00000000
2.00000000,16QAM,AWGN,conv-1/2,50000,19558,0.39116000,0.79763673,1.99992000,1.00000000
4.00000000,16QAM,AWGN,conv-1/2,50000,15955,0.31910000,0.63358538,1.99992000,1.00000000
6.00000000,16QAM,AWGN,conv-1/2,50000,9094,0.18188000,0.50327475,1.99992000,1.00000000
8.00000000,16QAM,AWGN,conv-1/2,50000,3050,0.06100000,0.39976535,1.99992000,1.00000000
10.00000000,16QAM,AWGN,conv-1/2,50000,491,0.00982000,0.31754490,1.99992000,1.00000000
12.00000000,16QAM,AWGN,conv-1/2,50000,31,0.00062000,0.25223488,1.99992000,1.00000000
14.00000000,16QAM,AWGN,conv-1/2,50000,0,0.00000000,0.20035729,1.99992000,1.00000000
16.00000000,16QAM,AWGN,conv-1/2,50000,0,0.00000000,0.15914945,1.99992000,1.00000000
0.00000000,BPSK,RAYLEIGH,none,50000,7321,0.14642000,3.39005428,1.00000000,1.00040254
2.00000000,BPSK,RAYLEIGH,none,50000,5452,0.10904000,2.69281583,1.00000000,1.00040254
4.00000000,BPSK,RAYLEIGH,none,50000,3881,0.07762000,2.13897965,1.00000000,1.00040254
6.00000000,BPSK,RAYLEIGH,none,50000,2696,0.05392000,1.69905193,1.00000000,1.00040254
8.00000000,BPSK,RAYLEIGH,none,50000,1787,0.03574000,1.34960492,1.00000000,1.00040254
10.00000000,BPSK,RAYLEIGH,none,50000,1158,0.02316000,1.07202929,1.00000000,1.00040254
12.00000000,BPSK,RAYLEIGH,none,50000,773,0.01546000,0.85154314,1.00000000,1.00040254
14.00000000,BPSK,RAYLEIGH,none,50000,497,0.00994000,0.67640476,1.00000000,1.00040254
16.00000000,BPSK,RAYLEIGH,none,50000,325,0.00650000,0.53728740,1.00000000,1.00040254
0.00000000,BPSK,RAYLEIGH,conv-1/2,50000,8619,0.17238000,3.25272271,0.49998000,1.00329862
2.00000000,BPSK,RAYLEIGH,conv-1/2,50000,3999,0.07998000,2.58372949,0.49998000,1.00329862
4.00000000,BPSK,RAYLEIGH,conv-1/2,50000,1531,0.03062000,2.05232928,0.49998000,1.00329862
6.00000000,BPSK,RAYLEIGH,conv-1/2,50000,465,0.00930000,1.63022310,0.49998000,1.00329862
8.00000000,BPSK,RAYLEIGH,conv-1/2,50000,111,0.00222000,1.29493223,0.49998000,1.00329862
10.00000000,BPSK,RAYLEIGH,conv-1/2,50000,31,0.00062000,1.02860124,0.49998000,1.00329862
12.00000000,BPSK,RAYLEIGH,conv-1/2,50000,9,0.00018000,0.81704700,0.49998000,1.00329862
14.00000000,BPSK,RAYLEIGH,conv-1/2,50000,0,0.00000000,0.64900350,0.49998000,1.00329862
16.00000000,BPSK,RAYLEIGH,conv-1/2,50000,0,0.00000000,0.51552181,0.49998000,1.00329862
0.00000000,QPSK,RAYLEIGH,none,50000,10648,0.21296000,3.76419343,2.00000000,1.00546511
2.00000000,QPSK,RAYLEIGH,none,50000,8460,0.16920000,2.99000512,2.00000000,1.00546511
4.00000000,QPSK,RAYLEIGH,none,50000,6459,0.12918000,2.37504549,2.00000000,1.00546511
6.00000000,QPSK,RAYLEIGH,none,50000,4764,0.09528000,1.88656569,2.00000000,1.00546511
8.00000000,QPSK,RAYLEIGH,none,50000,3301,0.06602000,1.49855240,2.00000000,1.00546511
10.00000000,QPSK,RAYLEIGH,none,50000,2267,0.04534000,1.19034248,2.00000000,1.00546511
12.00000000,QPSK,RAYLEIGH,none,50000,1506,0.03012000,0.94552264,2.00000000,1.00546511
14.00000000,QPSK,RAYLEIGH,none,50000,978,0.01956000,0.75105533,2.00000000,1.00546511
16.00000000,QPSK,RAYLEIGH,none,50000,623,0.01246000,0.59658445,2.00000000,1.00546511
0.00000000,QPSK,RAYLEIGH,conv-1/2,50000,14781,0.29562000,3.38998651,0.99996000,1.00046747
2.00000000,QPSK,RAYLEIGH,conv-1/2,50000,10289,0.20578000,2.69276200,0.99996000,1.00046747
4.00000000,QPSK,RAYLEIGH,conv-1/2,50000,5928,0.11856000,2.13893688,0.99996000,1.00046747
6.00000000,QPSK,RAYLEIGH,conv-1/2,50000,2848,0.05696000,1.69901796,0.99996000,1.00046747
8.00000000,QPSK,RAYLEIGH,conv-1/2,50000,1160,0.02320000,1.34957794,0.99996000,1.00046747
10.00000000,QPSK,RAYLEIGH,conv-1/2,50000,489,0.00978000,1.07200786,0.99996000,1.00046747
12.00000000,QPSK,RAYLEIGH,conv-1/2,50000,162,0.00324000,0.85152611,0.99996000,1.00046747
14.00000000,QPSK,RAYLEIGH,conv-1/2,50000,59,0.00118000,0.67639123,0.99996000,1.00046747
16.00000000,QPSK,RAYLEIGH,conv-1/2,50000,23,0.00046000,0.53727665,0.99996000,1.00046747
0.00000000,16QAM,RAYLEIGH,none,50000,15858,0.31716000,3.93321193,4.00000000,1.01160974
2.00000000,16QAM,RAYLEIGH,none,50000,13972,0.27944000,3.12426129,4.00000000,1.01160974
4.00000000,16QAM,RAYLEIGH,none,50000,11875,0.23750000,2.48168895,4.00000000,1.01160974
6.00000000,16QAM,RAYLEIGH,none,50000,9724,0.19448000,1.97127561,4.00000000,1.01160974
8.00000000,16QAM,RAYLEIGH,none,50000,7826,0.15652000,1.56583987,4.00000000,1.01160974
10.00000000,16QAM,RAYLEIGH,none,50000,6075,0.12150000,1.24379082,4.00000000,1.01160974
12.00000000,16QAM,RAYLEIGH,none,50000,4547,0.09094000,0.98797817,4.00000000,1.01160974
14.00000000,16QAM,RAYLEIGH,none,50000,3174,0.06348000,0.78477895,4.00000000,1.01160974
16.00000000,16QAM,RAYLEIGH,none,50000,2153,0.04306000,0.62337208,4.00000000,1.01160974
0.00000000,16QAM,RAYLEIGH,conv-1/2,50000,21702,0.43404000,3.76420418,1.99992000,1.00542698
2.00000000,16QAM,RAYLEIGH,conv-1/2,50000,19819,0.39638000,2.99001366,1.99992000,1.00542698
4.00000000,16QAM,RAYLEIGH,conv-1/2,50000,16996,0.33992000,2.37505228,1.99992000,1.00542698
6.00000000,16QAM,RAYLEIGH,conv-1/2,50000,13352,0.26704000,1.88657108,1.99992000,1.00542698
8.00000000,16QAM,RAYLEIGH,conv-1/2,50000,9147,0.18294000,1.49855668,1.99992000,1.00542698
10.00000000,16QAM,RAYLEIGH,conv-1/2,50000,5323,0.10646000,1.19034588,1.99992000,1.00542698
12.00000000,16QAM,RAYLEIGH,conv-1/2,50000,2702,0.05404000,0.94552534,1.99992000,1.00542698
14.00000000,16QAM,RAYLEIGH,conv-1/2,50000,1415,0.02830000,0.75105748,1.99992000,1.00542698
16.00000000,16QAM,RAYLEIGH,conv-1/2,50000,675,0.01350000,0.59658616,1.99992000,1.00542698
