protocol,nodes,duration_s,max_speed_mps,seed,pdr_percent,throughput_mbps,mean_delay_ms,mean_jitter_ms,route_updates,tx_packets,rx_packets,lost_packets
AODV,30,45.000000,12.000000,41,99.472892,0.268552,1.169552,0.150644,0,2656,2642,14
AODV,30,45.000000,12.000000,42,99.435241,0.268450,1.356266,0.206199,0,2656,2641,15
AODV,30,45.000000,12.000000,43,97.025602,0.261944,2.850646,0.981821,0,2656,2577,77
OLSR,30,45.000000,12.000000,41,99.736727,0.231044,2.218796,1.025540,0,2279,2273,6
OLSR,30,45.000000,12.000000,42,86.379613,0.199838,1.802031,0.610181,0,2276,1966,194
OLSR,30,45.000000,12.000000,43,100.000000,0.217118,1.181772,0.162716,0,2136,2136,0
DSDV,30,45.000000,12.000000,41,75.753012,0.204514,17.107311,14.122334,0,2656,2012,602
DSDV,30,45.000000,12.000000,42,71.724398,0.193638,1.842562,0.466093,0,2656,1905,751
DSDV,30,45.000000,12.000000,43,69.540663,0.187742,3.587611,1.649396,0,2656,1847,809
LQSR,30,45.000000,12.000000,41,100.000000,0.269975,0.891421,0.029058,23,2656,2656,0
LQSR,30,45.000000,12.000000,42,100.000000,0.269975,1.026710,0.020183,23,2656,2656,0
LQSR,30,45.000000,12.000000,43,99.661145,0.269060,1.210102,0.071610,23,2656,2647,9
