snr_db,equalizer,information_bits,bit_errors,ber,evm_rms,papr_db,channel_nmse
0.00000000,ZF,24000,6188,0.25783333,2.29324731,6.70668780,0.75775501
4.00000000,ZF,24000,3230,0.13458333,1.49529380,6.70668780,0.31303002
8.00000000,ZF,24000,1143,0.04762500,0.69290413,6.70668780,0.13588679
12.00000000,ZF,24000,312,0.01300000,0.42112272,6.70668780,0.06530485
16.00000000,ZF,24000,54,0.00225000,0.28729666,6.70668780,0.03716784
20.00000000,ZF,24000,1,0.00004167,0.21711360,6.70668780,0.02594242
24.00000000,ZF,24000,0,0.00000000,0.18229045,6.70668780,0.02145845
0.00000000,MMSE,24000,6188,0.25783333,0.83900540,6.70668780,0.43650718
4.00000000,MMSE,24000,3230,0.13458333,0.68263893,6.70668780,0.24352496
8.00000000,MMSE,24000,1143,0.04762500,0.53140849,6.70668780,0.12301639
12.00000000,MMSE,24000,312,0.01300000,0.38875988,6.70668780,0.06325969
16.00000000,MMSE,24000,54,0.00225000,0.28178059,6.70668780,0.03694401
20.00000000,MMSE,24000,1,0.00004167,0.21660714,6.70668780,0.02596489
24.00000000,MMSE,24000,0,0.00000000,0.18245907,6.70668780,0.02148893
